{
  "formatVersion": 1,
  "database": {
    "version": 2,
    "identityHash": "4af4e9805a6d4977cdf27c8cb419c965",
    "entities": [
      {
        "tableName": "DownloadedVideoInfo",
        "createSql": "CREATE TABLE IF NOT EXISTS `${TABLE_NAME}` (`id` INTEGER PRIMARY KEY AUTOINCREMENT NOT NULL, `videoTitle` TEXT NOT NULL, `videoAuthor` TEXT NOT NULL, `videoUrl` TEXT NOT NULL, `thumbnailUrl` TEXT NOT NULL, `videoPath` TEXT NOT NULL, `extractor` TEXT NOT NULL DEFAULT 'Unknown')",
        "fields": [
          {
            "fieldPath": "id",
            "columnName": "id",
            "affinity": "INTEGER",
            "notNull": true
          },
          {
            "fieldPath": "videoTitle",
            "columnName": "videoTitle",
            "affinity": "TEXT",
            "notNull": true
          },
          {
            "fieldPath": "videoAuthor",
            "columnName": "videoAuthor",
            "affinity": "TEXT",
            "notNull": true
          },
          {
            "fieldPath": "videoUrl",
            "columnName": "videoUrl",
            "affinity": "TEXT",
            "notNull": true
          },
          {
            "fieldPath": "thumbnailUrl",
            "columnName": "thumbnailUrl",
            "affinity": "TEXT",
            "notNull": true
          },
          {
            "fieldPath": "videoPath",
            "columnName": "videoPath",
            "affinity": "TEXT",
            "notNull": true
          },
          {
            "fieldPath": "extractor",
            "columnName": "extractor",
            "affinity": "TEXT",
            "notNull": true,
            "defaultValue": "'Unknown'"
          }
        ],
        "primaryKey": {
          "columnNames": [
            "id"
          ],
          "autoGenerate": true
        },
        "indices": [],
        "foreignKeys": []
      }
    ],
    "views": [],
    "setupQueries": [
      "CREATE TABLE IF NOT EXISTS room_master_table (id INTEGER PRIMARY KEY,identity_hash TEXT)",
      "INSERT OR REPLACE INTO room_master_table (id,identity_hash) VALUES(42, '4af4e9805a6d4977cdf27c8cb419c965')"
    ]
  }
}